{
  "Amaravati": { "lat": 16.5042, "lon": 80.5204, "state": "Andhra Pradesh", "stations": [ { "name": "Secretariat, Amaravati - APPCB", "lat": 16.5042, "lon": 80.5204 } ] },
  "Rajamahendravaram": { "lat": 17.0005, "lon": 81.8040, "state": "Andhra Pradesh", "stations": [ { "name": "Anand Kala Kshetram, Rajamahendravaram - APPCB", "lat": 17.0005, "lon": 81.8040 } ] },
  "Tirupati": { "lat": 13.6288, "lon": 79.4192, "state": "Andhra Pradesh", "stations": [ { "name": "Tirumala, Tirupati - APPCB", "lat": 13.6288, "lon": 79.4192 } ] },
  "Vijayawada": { "lat": 16.5062, "lon": 80.6480, "state": "Andhra Pradesh", "stations": [ { "name": "Punnami Ghat, Vijayawada - APPCB", "lat": 16.5062, "lon": 80.6480 } ] },
  "Visakhapatnam": { "lat": 17.6868, "lon": 83.2185, "state": "Andhra Pradesh", "stations": [ { "name": "GMC Corporation, Visakhapatnam - APPCB", "lat": 17.6868, "lon": 83.2185 } ] },
  "Guwahati": { "lat": 26.1445, "lon": 91.7362, "state": "Assam", "stations": [ { "name": "Railway Colony, Guwahati - APCB", "lat": 26.1445, "lon": 91.7362 } ] },
  "Gaya": { "lat": 24.7914, "lon": 85.0002, "state": "Bihar", "stations": [ { "name": "Collector Office, Gaya - BSPCB", "lat": 24.7914, "lon": 85.0002 } ] },
  "Muzaffarpur": { "lat": 26.1209, "lon": 85.3647, "state": "Bihar", "stations": [ { "name": "Muzaffarpur Collectorate, Muzaffarpur - BSPCB", "lat": 26.1209, "lon": 85.3647 } ] },
  "Patna": { "lat": 25.5941, "lon": 85.1376, "state": "Bihar", "stations": [ { "name": "IGSC Planetarium Complex, Patna - BSPCB", "lat": 25.5941, "lon": 85.1376 }, { "name": "Rajbati, Patna - BSPCB", "lat": 25.6127, "lon": 85.1424 } ] },
  "Delhi": { "lat": 28.6139, "lon": 77.2090, "state": "Delhi", "stations": [
    { "name": "Alipur, Delhi - DPCC", "lat": 28.7941, "lon": 77.1330 },
    { "name": "Anand Vihar, Delhi - DPCC", "lat": 28.6472, "lon": 77.2945 },
    { "name": "Ashok Vihar, Delhi - DPCC", "lat": 28.6942, "lon": 77.1817 },
    { "name": "Aya Nagar, Delhi - IMD", "lat": 28.4700, "lon": 77.1400 },
    { "name": "Bawana, Delhi - DPCC", "lat": 28.7992, "lon": 77.0490 },
    { "name": "Burari Crossing, Delhi - IMD", "lat": 28.7328, "lon": 77.1878 },
    { "name": "CRRI Mathura Road, Delhi - IMD", "lat": 28.5511, "lon": 77.2733 },
    { "name": "DTU, Delhi - CPCB", "lat": 28.7500, "lon": 77.1170 },
    { "name": "Dr. Karni Singh Shooting Range, Delhi - DPCC", "lat": 28.4922, "lon": 77.2682 },
    { "name": "Dwarka-Sector 8, Delhi - DPCC", "lat": 28.6090, "lon": 77.0326 },
    { "name": "East Arjun Nagar, Delhi - CPCB", "lat": 28.6538, "lon": 77.2929 },
    { "name": "IGI Airport (T3), Delhi - IMD", "lat": 28.5622, "lon": 77.1180 },
    { "name": "IHBAS, Dilshad Garden, Delhi - CPCB", "lat": 28.6812, "lon": 77.2998 },
    { "name": "ITO, Delhi - CPCB", "lat": 28.6304, "lon": 77.2411 },
    { "name": "Jahangirpuri, Delhi - DPCC", "lat": 28.7325, "lon": 77.1700 },
    { "name": "Jawaharlal Nehru Stadium, Delhi - DPCC", "lat": 28.5822, "lon": 77.2340 },
    { "name": "Lodhi Road, Delhi - IMD", "lat": 28.5900, "lon": 77.2280 },
    { "name": "Major Dhyan Chand National Stadium, Delhi - DPCC", "lat": 28.6118, "lon": 77.2378 },
    { "name": "Mandir Marg, Delhi - DPCC", "lat": 28.6357, "lon": 77.2010 },
    { "name": "Mundka, Delhi - DPCC", "lat": 28.6850, "lon": 77.0500 },
    { "name": "NSIT Dwarka, Delhi - CPCB", "lat": 28.6100, "lon": 77.0360 },
    { "name": "Najafgarh, Delhi - DPCC", "lat": 28.6100, "lon": 76.9800 },
    { "name": "Narela, Delhi - DPCC", "lat": 28.8400, "lon": 77.0900 },
    { "name": "Nehru Nagar, Delhi - DPCC", "lat": 28.5678, "lon": 77.2500 },
    { "name": "North Campus, DU, Delhi - IMD", "lat": 28.6850, "lon": 77.2200 },
    { "name": "Okhla Phase-2, Delhi - DPCC", "lat": 28.5400, "lon": 77.2800 },
    { "name": "Patparganj, Delhi - DPCC", "lat": 28.6250, "lon": 77.2950 },
    { "name": "Punjabi Bagh, Delhi - DPCC", "lat": 28.6740, "lon": 77.1310 },
    { "name": "Pusa, Delhi - IMD", "lat": 28.6400, "lon": 77.1700 },
    { "name": "RK Puram, Delhi - DPCC", "lat": 28.5633, "lon": 77.1869 },
    { "name": "Rohini, Delhi - DPCC", "lat": 28.7200, "lon": 77.1200 },
    { "name": "Shadipur, Delhi - CPCB", "lat": 28.6500, "lon": 77.1600 },
    { "name": "Sirifort, Delhi - CPCB", "lat": 28.5500, "lon": 77.2200 },
    { "name": "Sonia Vihar, Delhi - DPCC", "lat": 28.7100, "lon": 77.2500 },
    { "name": "Sri Aurobindo Marg, Delhi - DPCC", "lat": 28.5300, "lon": 77.2000 },
    { "name": "Vivek Vihar, Delhi - DPCC", "lat": 28.6700, "lon": 77.3000 },
    { "name": "Wazirpur, Delhi - DPCC", "lat": 28.7000, "lon": 77.1600 }
  ]},
  "Mumbai": { "lat": 19.0760, "lon": 72.8777, "state": "Maharashtra", "stations": [
    { "name": "Siddharth Nagar, Mumbai - MPCB", "lat": 19.0760, "lon": 72.8777 },
    { "name": "Vile Parle West, Mumbai - MPCB", "lat": 19.1000, "lon": 72.8400 },
    { "name": "Worli, Mumbai - MPCB", "lat": 19.0075, "lon": 72.8169 }
  ]}
}